"﻿Модель";"Номер чертежа";"Наименование детали";"Кол-во на машину";"Вес, кг";"Цена за ед., ₽"
"СМД-108А";"040951100203";"Болт крепления подв. плиты";"4 шт.";"4,5";"по запросу"
"СМД-108А";"481480000700";"Болт специальный";"2 шт.";"0,6";"по запросу"
"СМД-108А";"104900200100";"Вал эксцентриковый";"1 шт.";"535";"по запросу"
"СМД-108А";"104890501100";"Винт регулировочный";"1 шт.";"19,4";"22500"
"СМД-108А";"484490201400";"Втулка";"2 шт.";"6,5";"по запросу"
"СМД-108А";"104890200700";"Втулка";"2 шт.";"9,7";"по запросу"
"СМД-108А";"484480203100";"Гайка";"4 шт.";"1,1";"по запросу"
"СМД-108А";"481680003600";"Гайка левая";"1 шт.";"3,2";"7200"
"СМД-108А";"481680003500";"Гайка правая";"1 шт.";"3,2";"7200"
"СМД-108А";"484480000300";"Клин верхний левый";"1 шт.";"27";"по запросу"
"СМД-108А";"484480000200";"Клин верхний правый";"1 шт.";"27";"по запросу"
"СМД-108А";"484480000400";"Клин нижний левый";"1 шт.";"19";"по запросу"
"СМД-108А";"484480000500";"Клин нижний правый";"1 шт.";"27";"по запросу"
"СМД-108А";"482200203500";"Клин левый";"1 шт.";"19";"по запросу"
"СМД-108А";"482200202800";"Клин правый";"1 шт.";"19";"по запросу"
"СМД-108А";"104890300900";"Клин регулировочный";"2 шт.";"54";"по запросу"
"СМД-108А";"484490201100";"Кольцо";"2 шт.";"8,05";"по запросу"
"СМД-108А";"482540200900";"Кольцо резиновое";"2 шт.";"0,42";"по запросу"
"СМД-108А";"104890200900";"Кольцо упорное";"2 шт.";"2,5";"по запросу"
"СМД-108А";"104900200400";"Крышка стакана";"2 шт.";"35";"по запросу"
"СМД-108А";"104900200610";"Крышка щеки";"2 шт.";"37";"по запросу"
"СМД-108А";"104890500000";"Механизм регулирования щели";"1 шт.";"312";"по запросу"
"СМД-108А";"484480000900";"Плита дробящая неподвижная";"1 шт.";"260";"по запросу"
"СМД-108А";"484480202200";"Плита дробящая подвижная";"1 шт.";"292";"по запросу"
"СМД-108А";"484480000600";"Плита распорная";"1 шт.";"120";"по запросу"
"СМД-108А";"";"Подшипник 13636";"2 шт.";"106";"по запросу"
"СМД-108А";"";"Подшипник 3004244";"2 шт.";"120";"по запросу"
"СМД-108А";"104890330000";"Ползун";"1 шт.";"120";"по запросу"
"СМД-108А";"4844802002-10";"Противовес";"1 шт.";"117";"по запросу"
"СМД-108А";"485600200400";"Пружина";"4 шт.";"2,32";"по запросу"
"СМД-108А";"482440000600";"Пружина тяги";"1 шт.";"30";"по запросу"
"СМД-108А";"";"Ремень клиновой С(В)-5000";"7 шт.";"1,5";"по запросу"
"СМД-108А";"104900210000";"Стакан левый";"1 шт.";"126";"по запросу"
"СМД-108А";"104900210000";"Стакан правый";"1 шт.";"127";"по запросу"
"СМД-108А";"104891100000";"Станина";"1 шт.";"2950";"по запросу"
"СМД-108А";"484480202900";"Сухарь";"2 шт.";"14";"по запросу"
"СМД-108А";"482540002100";"Тарелка пружины";"1 шт.";"3,3";"по запросу"
"СМД-108А";"482540050000";"Трещетка";"1 шт.";"4";"по запросу"
"СМД-108А";"484480900000";"Тяга пружины";"1 шт.";"15,5";"по запросу"
"СМД-108А";"104890200500";"Шкив";"1 шт.";"1165";"по запросу"
"СМД-108А";"484490500100";"Шкив электродвигателя";"1 шт.";"67";"по запросу"
"СМД-108А";"482540800600";"Шпонка тангенциальная";"4 шт.";"0,8";"по запросу"
"СМД-108А";"483640401400";"Шпонка тангенциальная";"4 шт.";"0,87";"по запросу"
"СМД-108А";"104890200300";"Щека";"1 шт.";"1255";"по запросу"
"СМД-108А";"1048902000-10";"Щека в сборе";"1 шт.";"4280";"по запросу"
"СМД-109А";"040951100207";"Болт крепления подв. плиты";"4 шт.";"5";"по запросу"
"СМД-109А";"481480000700";"Болт специальный";"2 шт.";"0,6";"по запросу"
"СМД-109А";"104900200100";"Вал эксцентриковый";"1 шт.";"535";"по запросу"
"СМД-109А";"104890501100";"Винт регулировочный";"1 шт.";"19,4";"по запросу"
"СМД-109А";"484480200700";"Втулка";"2 шт.";"9";"по запросу"
"СМД-109А";"484490201400";"Втулка";"2 шт.";"6,5";"по запросу"
"СМД-109А";"484480203100";"Гайка";"4 шт.";"1,1";"по запросу"
"СМД-109А";"481680003600";"Гайка левая";"1 шт.";"3,2";"по запросу"
"СМД-109А";"481680003500";"Гайка правая";"1 шт.";"3,2";"по запросу"
"СМД-109А";"482200203500";"Клин левый";"1 шт.";"19";"по запросу"
"СМД-109А";"482200202800";"Клин правый";"1 шт.";"19";"по запросу"
"СМД-109А";"484490000500";"Клин верхний левый";"1 шт.";"60";"по запросу"
"СМД-109А";"484490000400";"Клин верхний правый";"1 шт.";"60";"по запросу"
"СМД-109А";"481680000300";"Клин нижний левый";"1 шт.";"18";"по запросу"
"СМД-109А";"481680000200";"Клин нижний правый";"1 шт.";"18";"по запросу"
"СМД-109А";"104890300900";"Клин регулировочный";"1 шт.";"54";"по запросу"
"СМД-109А";"484490201100";"Кольцо";"2 шт.";"8";"по запросу"
"СМД-109А";"482540200900";"Кольцо резиновое";"2 шт.";"0,5";"по запросу"
"СМД-109А";"482540201400";"Кольцо упорное";"2 шт.";"2,5";"по запросу"
"СМД-109А";"104900200400";"Крышка стакана";"2 шт.";"35";"по запросу"
"СМД-109А";"1049002006-10";"Крышка щеки";"2 шт.";"37";"по запросу"
"СМД-109А";"482540800400";"Маховик";"1 шт.";"750";"по запросу"
"СМД-109А";"104890500000";"Механизм регулирования щели";"1 шт.";"312";"по запросу"
"СМД-109А";"484490000200";"Плита дробящая неподвижная";"1 шт.";"488";"по запросу"
"СМД-109А";"484490201600";"Плита дробящая подвижная";"1 шт.";"520";"по запросу"
"СМД-109А";"484490000600";"Плита распорная";"1 шт.";"140";"по запросу"
"СМД-109А";"";"Подшипник 13636";"2 шт.";"106";"по запросу"
"СМД-109А";"";"Подшипник 3004244";"2 шт.";"120";"по запросу"
"СМД-109А";"104900200500";"Прокладка";"2 шт.";"0,045";"по запросу"
"СМД-109А";"104900200700";"Прокладка";"2 шт.";"0,06";"по запросу"
"СМД-109А";"104900201600";"Прокладка";"6 шт.";"0,5";"по запросу"
"СМД-109А";"104890330200";"Ползун";"1 шт.";"120";"по запросу"
"СМД-109А";"485600200400";"Пружина";"4 шт.";"2,32";"по запросу"
"СМД-109А";"482440000600";"Пружина тяги";"1 шт.";"30";"по запросу"
"СМД-109А";"";"Ремень клиновой С(В)-5000";"7 шт.";"1,5";"по запросу"
"СМД-109А";"484490510000";"Салазки под эл.двигатель";"1 шт.";"38";"по запросу"
"СМД-109А";"104900210000";"Стакан левый";"1 шт.";"126";"по запросу"
"СМД-109А";"104900220000";"Стакан правый";"1 шт.";"127";"по запросу"
"СМД-109А";"104911000000";"Станина";"1 шт.";"3390";"по запросу"
"СМД-109А";"484480202900";"Сухарь";"2 шт.";"14";"по запросу"
"СМД-109А";"482540002100";"Тарелка пружины";"1 шт.";"3,3";"по запросу"
"СМД-109А";"482540050000";"Трещетка";"1 шт.";"4";"по запросу"
"СМД-109А";"482540020000";"Тяга пружины";"1 шт.";"17,5";"по запросу"
"СМД-109А";"104900201100";"Шкив";"1 шт.";"715";"по запросу"
"СМД-109А";"484490500100";"Шкив электродвигателя";"1 шт.";"67";"по запросу"
"СМД-109А";"482540800600";"Шпонка тангенциальная";"4 шт.";"0,8";"по запросу"
"СМД-109А";"483640401400";"Шпонка тангенциальная";"4 шт.";"0,87";"по запросу"
"СМД-109А";"104900200200";"Щека";"1 шт.";"2000";"по запросу"
"СМД-109А";"1049002000-10";"Щека в сборе";"1 шт.";"5632";"по запросу"
"СМД-110А";"040951100209";"Болт крепления подв. плиты";"3 шт.";"7";"по запросу"
"СМД-110А";"484500001300";"Болт специальный";"12 шт.";"1,26";"по запросу"
"СМД-110А";"484501100100";"Вал эксцентриковый";"1 шт.";"800";"по запросу"
"СМД-110А";"1052907001-10";"Винт регулировочный";"1 шт.";"32,8";"по запросу"
"СМД-110А";"484501100200";"Втулка";"2 шт.";"13";"по запросу"
"СМД-110А";"484480203100";"Гайка";"3 шт.";"1,1";"по запросу"
"СМД-110А";"484260001500";"Гайка левая";"1 шт.";"8,1";"по запросу"
"СМД-110А";"484260001200";"Гайка правая";"1 шт.";"8,1";"по запросу"
"СМД-110А";"104900201500";"Клин крепления подв. плиты";"2 шт.";"13,2";"по запросу"
"СМД-110А";"104900201400";"Клин крепления подв. плиты";"1 шт.";"10,3";"по запросу"
"СМД-110А";"484500001900";"Клин верхний левый";"1 шт.";"135";"по запросу"
"СМД-110А";"484500001800";"Клин верхний правый";"1 шт.";"135";"по запросу"
"СМД-110А";"484500002200";"Клин нижний левый";"1 шт.";"80";"по запросу"
"СМД-110А";"484500002100";"Клин нижний правый";"1 шт.";"80";"по запросу"
"СМД-110А";"104910300600";"Клин регулировочный";"1 шт.";"95";"по запросу"
"СМД-110А";"4845011011-10";"Кольцо";"2 шт.";"18,5";"по запросу"
"СМД-110А";"4844802017-30";"Кольцо";"2 шт.";"9,5";"по запросу"
"СМД-110А";"4845011009-10";"Кольцо";"2 шт.";"15,9";"по запросу"
"СМД-110А";"482200200700";"Кольцо резиновое";"2 шт.";"0,53";"по запросу"
"СМД-110А";"1049102004-10";"Крышка стакана";"2 шт.";"31";"по запросу"
"СМД-110А";"1049102001-10";"Крышка щеки";"2 шт.";"65";"по запросу"
"СМД-110А";"484500200200";"Маховик";"1 шт.";"1260";"по запросу"
"СМД-110А";"104910600000";"Механизм регулирования щели";"1 шт.";"452";"по запросу"
"СМД-110А";"484260000400";"Палец";"2 шт.";"6";"по запросу"
"СМД-110А";"484500000200";"Плита дробящая неподвижная";"1 шт.";"865";"по запросу"
"СМД-110А";"484501101600";"Плита дробящая подвижная";"1 шт.";"920";"по запросу"
"СМД-110А";"484500002500";"Плита распорная";"1 шт.";"148";"по запросу"
"СМД-110А";"";"Подшипник 3644";"2 шт.";"128";"по запросу"
"СМД-110А";"";"Подшипник 2556";"2 шт.";"120";"по запросу"
"СМД-110А";"104910200500";"Прокладка";"2 шт.";"0,12";"по запросу"
"СМД-110А";"1049102002/10/20";"Прокладка";"2 шт.";"0,08";"по запросу"
"СМД-110А";"104900201600";"Прокладка";"6 шт.";"0,5";"по запросу"
"СМД-110А";"104910310100";"Ползун";"1 шт.";"210";"по запросу"
"СМД-110А";"485600200400";"Пружина";"3 шт.";"2,32";"по запросу"
"СМД-110А";"482440000600";"Пружина тяги";"1 шт.";"30";"по запросу"
"СМД-110А";"";"Ремень клиновой Д(Г)-6300";"6 шт.";"1,5";"по запросу"
"СМД-110А";"484500810030";"Салазки под эл.двигатель";"1 шт.";"55";"по запросу"
"СМД-110А";"484500001200";"Рычаг";"2 шт.";"26";"по запросу"
"СМД-110А";"104910210000";"Стакан левый";"1 шт.";"151";"по запросу"
"СМД-110А";"104910220000";"Стакан правый";"1 шт.";"160";"по запросу"
"СМД-110А";"104910400000";"Станина";"1 шт.";"7150";"по запросу"
"СМД-110А";"484480202900";"Сухарь";"2 шт.";"14";"по запросу"
"СМД-110А";"482540002100";"Тарелка пружины";"1 шт.";"3,3";"по запросу"
"СМД-110А";"482540050000";"Трещетка";"1 шт.";"4";"по запросу"
"СМД-110А";"484500700000";"Тяга пружины";"1 шт.";"18,1";"по запросу"
"СМД-110А";"104910200900";"Шкив";"1 шт.";"1130";"по запросу"
"СМД-110А";"484500800300";"Шкив электродвигателя";"1 шт.";"125";"по запросу"
"СМД-110А";"481620104400";"Шпилька";"4 шт.";"7,8";"по запросу"
"СМД-110А";"482540800600";"Шпонка тангенциальная";"4 шт.";"0,8";"по запросу"
"СМД-110А";"483640401400";"Шпонка тангенциальная";"4 шт.";"0,87";"по запросу"
"СМД-110А";"104910200300";"Щека";"1 шт.";"3900";"по запросу"
"СМД-110А";"104910200000";"Щека в сборе";"1 шт.";"9230";"по запросу"
